id,class
Test1,
Test2,
Test3,
Test4,
Test5,
Test6,
Test7,
Test8,
Test9,
Test10,
Test11,
Test12,
Test13,
Test14,
Test15,
Test16,
Test17,
Test18,
Test19,
Test20,
Test21,
Test22,
Test23,
Test24,
Test25,
Test26,
Test27,
Test28,
Test29,
Test30,
Test31,
Test32,
Test33,
Test34,
Test35,
Test36,
Test37,
Test38,
Test39,
Test40,
Test41,
Test42,
Test43,
Test44,
Test45,
Test46,
Test47,
Test48,
Test49,
Test50,
Test51,
Test52,
Test53,
Test54,
Test55,
Test56,
Test57,
Test58,
Test59,
Test60,
Test61,
Test62,
Test63,
Test64,
Test65,
Test66,
Test67,
Test68,
Test69,
Test70,
Test71,
Test72,
Test73,
Test74,
Test75,
Test76,
Test77,
Test78,
Test79,
Test80,
Test81,
Test82,
Test83,
Test84,
Test85,
Test86,
Test87,
Test88,
Test89,
Test90,
Test91,
Test92,
Test93,
Test94,
Test95,
Test96,
Test97,
Test98,
Test99,
Test100,
Test101,
Test102,
Test103,
Test104,
Test105,
Test106,
Test107,
Test108,
Test109,
Test110,
Test111,
Test112,
Test113,
Test114,
Test115,
Test116,
Test117,
Test118,
Test119,
Test120,
Test121,
Test122,
Test123,
Test124,
Test125,
Test126,
Test127,
Test128,
Test129,
Test130,
Test131,
Test132,
Test133,
Test134,
Test135,
Test136,
Test137,
Test138,
Test139,
Test140,
Test141,
Test142,
Test143,
Test144,
Test145,
Test146,
Test147,
Test148,
Test149,
Test150,
Test151,
Test152,
Test153,
Test154,
Test155,
Test156,
Test157,
Test158,
Test159,
Test160,
Test161,
Test162,
Test163,
Test164,
Test165,
Test166,
Test167,
Test168,
Test169,
Test170,
Test171,
Test172,
Test173,
Test174,
Test175,
Test176,
Test177,
Test178,
Test179,
Test180,
Test181,
Test182,
Test183,
Test184,
Test185,
Test186,
Test187,
Test188,
Test189,
Test190,
Test191,
Test192,
Test193,
Test194,
Test195,
Test196,
Test197,
Test198,
Test199,
Test200,
Test201,
Test202,
Test203,
Test204,
Test205,
Test206,
Test207,
Test208,
Test209,
Test210,
Test211,
Test212,
Test213,
Test214,
Test215,
Test216,
Test217,
Test218,
Test219,
Test220,
Test221,
Test222,
Test223,
Test224,
Test225,
Test226,
Test227,
Test228,
Test229,
Test230,
Test231,
Test232,
Test233,
Test234,
Test235,
Test236,
Test237,
Test238,
Test239,
Test240,
Test241,
Test242,
Test243,
Test244,
Test245,
Test246,
Test247,
Test248,
Test249,
Test250,
Test251,
Test252,
Test253,
Test254,
Test255,
Test256,
Test257,
Test258,
Test259,
Test260,
Test261,
Test262,
Test263,
Test264,
Test265,
Test266,
Test267,
Test268,
Test269,
Test270,
Test271,
Test272,
Test273,
Test274,
Test275,
Test276,
Test277,
Test278,
Test279,
Test280,
Test281,
Test282,
Test283,
Test284,
Test285,
Test286,
Test287,
Test288,
Test289,
Test290,
Test291,
Test292,
Test293,
Test294,
Test295,
Test296,
Test297,
Test298,
Test299,
Test300,
Test301,
Test302,
Test303,
Test304,
Test305,
Test306,
Test307,
Test308,
Test309,
Test310,
Test311,
Test312,
Test313,
Test314,
Test315,
Test316,
Test317,
Test318,
Test319,
Test320,
Test321,
Test322,
Test323,
Test324,
Test325,
Test326,
Test327,
Test328,
Test329,
Test330,
Test331,
Test332,
Test333,
Test334,
Test335,
Test336,
Test337,
Test338,
Test339,
Test340,
Test341,
Test342,
Test343,
Test344,
Test345,
Test346,
Test347,
Test348,
Test349,
Test350,
Test351,
Test352,
Test353,
Test354,
Test355,
Test356,
Test357,
Test358,
Test359,
Test360,
Test361,
Test362,
Test363,
Test364,
Test365,
Test366,
Test367,
Test368,
Test369,
Test370,
Test371,
Test372,
Test373,
Test374,
Test375,
Test376,
Test377,
Test378,
Test379,
Test380,
Test381,
Test382,
Test383,
Test384,
Test385,
Test386,
Test387,
Test388,
Test389,
Test390,
Test391,
Test392,
Test393,
Test394,
Test395,
Test396,
Test397,
Test398,
Test399,
Test400,
Test401,
Test402,
Test403,
Test404,
Test405,
Test406,
Test407,
Test408,
Test409,
Test410,
Test411,
Test412,
Test413,
Test414,
Test415,
Test416,
Test417,
Test418,
Test419,
Test420,
Test421,
Test422,
Test423,
Test424,
Test425,
Test426,
Test427,
Test428,
Test429,
Test430,
Test431,
Test432,
Test433,
Test434,
Test435,
Test436,
Test437,
Test438,
Test439,
Test440,
Test441,
Test442,
Test443,
Test444,
Test445,
Test446,
Test447,
Test448,
Test449,
Test450,